FECHA,ES01 Paseo de la Castellana,ES02 Calle Princesa,ES03 Calle Doctor Esquerdo,ES04 Paseo de San Franciso de Sales,ES05 Paseo de Santa María de la Cabeza,ES06 Calle Arturo Soria,ES07 Avenida de Portugal,ES08 Calle Gran Vía,ES09 Calle Atocha,ES10 Avenida de Oporto,ES11 Avenida del Manzanares (M-30),ES12 Calle José Abascal,ES13 Calle Génova,ES14 Calle José Ortega y Gasset,ES15 Avenida Reina Victoria,ES16 Calle Alberto Aguilera,ES17 Calle Cea Bermúdez,ES18 Avenida Menéndez Pelayo,ES19 Calle Bravo Murillo,ES20 Avenida del Manzanares (M-30),ES21 Calle Príncipe de Vergara,ES22 Calle Ronda de Valencia,ES23 Paseo de El Prado,ES24 Calle de Gran Vía de San Francisco,ES25 Calle Hortaleza,ES26 Calle San Bernardo,ES27 Calle Alcalá,ES28 Calle Méndez Álvaro,ES29 Paseo Infanta Isabel,ES30 Calle Embajadores,ES31 Francos Rodríguez,ES32 Calle Toledo,ES33 Calle Sinesio Delgado,ES34 Calle Mayor,ES36 Paseo de la Castellana,ES37 Calle Costa Rica,ES38 Avenida Cardenal Herrera Oria,ES39 Avenida de la Ilustración (M-30),ES40 Calle Raimundo Fernández Villaverde,ES41 Calle Bravo Murillo,ES42 Avenida General Perón,ES43 Paseo de Extremadura,ES44 Calle Serrano,ES45 Calle Velázquez,ES46 Avenida de la Albufera,ES47 Calle Alcalá,ES48 Calle Hermanos García Noblejas,ES49 Avenida de Valladolid,ES50 Calle López de Hoyos,ES51 Avenida Alfonso XIII,ES52 Avenida Brasilia,ES53 Calle de Marcelo Usera,ES54 Avenida Rafaela Ybarra,ES55 Calle Alcocer,ES56 Avenida Arcentales,ES57 Calle Silvano,ES58 Avenida de Logroño,ES59 Calle San Cipriano,ES60 Calle Camino de Vinateros
2018-01-01,1371.625,1005.25,1240.5833333333333,744.5833333333334,1898.3333333333333,522.875,2756.7916666666665,882.0833333333334,483.75,351.0,3727.4583333333335,1091.7083333333333,1370.125,173.66666666666666,465.375,1140.4166666666667,1234.0416666666667,544.2916666666666,391.6666666666667,9508.041666666666,769.1666666666666,1142.7916666666667,172.70833333333334,1132.125,81.54166666666667,346.4166666666667,1293.7083333333333,711.2916666666666,2161.7916666666665,539.5,260.2083333333333,651.8333333333334,844.125,191.25,1416.0,1171.5833333333333,407.8333333333333,1547.4166666666667,1584.2916666666667,812.7083333333334,643.8333333333334,803.5,762.5416666666666,828.625,883.75,915.5416666666666,729.3333333333334,511.3333333333333,372.875,350.4583333333333,419.7083333333333,478.5416666666667,345.625,206.91666666666666,252.29166666666666,555.9583333333334,287.7083333333333,193.875,568.2083333333334
2018-01-02,2222.6666666666665,1522.8333333333333,2076.0416666666665,1156.6666666666667,2817.8333333333335,977.8333333333334,3763.0,1463.6666666666667,747.7083333333334,399.2916666666667,5110.916666666667,1329.375,2091.7083333333335,417.75,1061.5416666666667,1946.7083333333333,1664.9166666666667,1039.9166666666667,628.125,12537.708333333334,1678.0,1632.4583333333333,3604.5833333333335,1321.9166666666667,152.45833333333334,487.375,2070.7916666666665,1241.0416666666667,2930.25,905.9583333333334,498.375,931.7083333333334,1321.1666666666667,330.4166666666667,2500.6666666666665,2127.75,693.75,2397.0833333333335,2533.5833333333335,1220.0833333333333,1295.875,957.9583333333334,1380.75,1455.8333333333333,1198.2916666666667,1187.3333333333333,1422.125,824.2083333333334,605.0833333333334,889.125,722.4166666666666,522.9583333333334,423.0833333333333,311.4583333333333,591.4166666666666,913.0833333333334,501.5833333333333,273.25,926.375
2018-01-03,2441.9583333333335,1501.9166666666667,2227.4166666666665,1186.1666666666667,2982.5416666666665,994.5,3813.5416666666665,1602.5416666666667,801.125,409.7916666666667,5140.875,1391.5833333333333,2146.2083333333335,450.2083333333333,1015.0416666666666,1982.75,1733.7083333333333,1121.5833333333333,675.3333333333334,13285.791666666666,1756.7083333333333,1688.0,3866.8333333333335,1230.2083333333333,170.83333333333334,501.375,2089.5416666666665,1296.6666666666667,2946.0,950.875,477.9166666666667,967.875,1338.7916666666667,358.6666666666667,2500.0416666666665,2272.2083333333335,704.9166666666666,2451.2083333333335,2661.5416666666665,1247.2083333333333,1389.375,1009.875,1406.9166666666667,1532.6666666666667,1237.8333333333333,1229.25,1490.5416666666667,844.0416666666666,634.5416666666666,855.9166666666666,731.875,542.75,430.7083333333333,326.6666666666667,618.0833333333334,962.5416666666666,516.25,268.7083333333333,966.3333333333334
2018-01-04,2404.0833333333335,1522.4166666666667,2274.2083333333335,1232.2083333333333,3065.375,1051.375,4036.2916666666665,1660.7916666666667,797.6666666666666,427.75,5244.625,1417.5833333333333,2317.5416666666665,458.1666666666667,941.75,2077.0,1768.0833333333333,1148.1666666666667,682.7083333333334,13474.916666666666,1734.1666666666667,1742.2916666666667,3910.0833333333335,1340.875,167.08333333333334,515.7083333333334,2001.4166666666667,1282.4583333333333,3031.75,959.0,465.625,1002.0416666666666,1409.6666666666667,363.125,2689.75,2322.25,734.0416666666666,2439.5,2728.7916666666665,1315.5,1480.5,1041.8333333333333,1470.5,1571.2083333333333,1250.9166666666667,1249.4166666666667,1430.6666666666667,824.9583333333334,650.4583333333334,842.5,735.875,552.8333333333334,446.875,340.625,623.625,966.5416666666666,497.9166666666667,286.2083333333333,997.7916666666666
2018-01-05,2241.6666666666665,1557.4583333333333,2199.375,1198.0833333333333,2966.6666666666665,1018.4166666666666,3588.5,1673.375,768.8333333333334,446.7916666666667,4792.333333333333,1439.7083333333333,2315.5,458.375,847.75,1941.2916666666667,1715.7083333333333,1116.25,821.7916666666666,12526.375,1659.0833333333333,1649.7083333333333,3381.1666666666665,1216.375,157.375,524.25,1897.2916666666667,1169.9166666666667,2801.5,918.0833333333334,405.8333333333333,916.125,1276.25,359.2916666666667,2342.25,2163.4166666666665,638.25,2232.0833333333335,2677.5833333333335,1391.2916666666667,1479.3333333333333,1022.7916666666666,1429.9583333333333,1503.9583333333333,1265.3333333333333,1252.1666666666667,1462.2916666666667,752.25,584.625,652.875,633.4583333333334,575.5833333333334,439.375,349.0833333333333,559.0416666666666,891.6666666666666,470.875,295.75,961.0
2018-01-06,1411.5,1050.375,1460.5833333333333,857.0833333333334,2079.875,611.0,2944.0416666666665,1080.8333333333333,613.375,386.9583333333333,3847.5833333333335,1199.5416666666667,1718.2083333333333,267.4166666666667,559.5833333333334,1368.5416666666667,1336.9166666666667,622.7083333333334,501.5416666666667,9972.791666666666,937.4166666666666,1245.7083333333333,376.5,1193.625,118.625,415.0416666666667,1292.125,780.9583333333334,2168.4166666666665,709.2083333333334,297.0833333333333,737.8333333333334,873.4583333333334,263.7083333333333,1496.0,1335.375,450.5416666666667,1640.25,1835.6666666666667,948.4583333333334,770.0833333333334,834.9583333333334,867.0,846.625,996.375,1003.2083333333334,895.4166666666666,585.9583333333334,421.7083333333333,431.6666666666667,337.125,492.5,388.0,223.70833333333334,281.0416666666667,609.0,299.0416666666667,225.70833333333334,660.875
2018-01-07,1257.5833333333333,1102.875,1399.6666666666667,730.2916666666666,2090.0416666666665,536.875,2540.625,1113.25,642.4166666666666,315.75,3088.375,1085.4583333333333,1543.5416666666667,247.79166666666666,510.2083333333333,1298.125,1202.6666666666667,597.1666666666666,465.3333333333333,9138.916666666666,865.1666666666666,1222.2083333333333,336.7916666666667,1129.25,112.45833333333333,431.625,1446.4583333333333,763.2083333333334,2416.4583333333335,587.75,251.33333333333334,666.25,707.2083333333334,281.9583333333333,1533.625,1205.625,357.5833333333333,1441.9166666666667,1691.2083333333333,876.2916666666666,875.0,742.3333333333334,1274.125,1051.5416666666667,795.7916666666666,875.1666666666666,705.375,507.75,370.625,346.625,233.16666666666666,455.4583333333333,315.4166666666667,186.75,179.91666666666666,595.9166666666666,295.9166666666667,179.875,573.4583333333334
2018-01-08,2311.3333333333335,1493.6666666666667,2384.0833333333335,1297.3333333333333,2987.5,1137.25,3911.0416666666665,1518.0416666666667,831.3333333333334,424.0833333333333,5427.666666666667,1304.6666666666667,2168.7083333333335,472.3333333333333,1068.9166666666667,1914.375,1855.0416666666667,1147.5833333333333,716.7083333333334,12859.166666666666,1777.125,1602.0416666666667,3414.0,1263.0833333333333,167.58333333333334,506.5,1802.2916666666667,1324.9583333333333,3010.5,946.0,480.375,929.0,1426.2083333333333,332.625,2625.2916666666665,2393.2083333333335,806.875,2587.3333333333335,2836.4166666666665,1371.5833333333333,1439.3333333333333,1032.7916666666667,1472.4583333333333,1504.375,1184.625,1203.9166666666667,1658.875,832.375,633.0416666666666,810.25,723.6666666666666,535.7083333333334,454.4583333333333,369.2083333333333,703.125,953.3333333333334,525.5833333333334,280.8333333333333,991.125
2018-01-09,2432.2916666666665,1502.9166666666667,2426.0833333333335,1350.5416666666667,3053.75,1187.125,3947.2916666666665,1572.4166666666667,849.2083333333334,420.125,5450.916666666667,1319.5,2230.7916666666665,504.7083333333333,1143.0833333333333,1958.5416666666667,1863.8333333333333,1208.375,701.4166666666666,13206.833333333334,1875.1666666666667,1610.5416666666667,3474.75,1228.2083333333333,174.41666666666666,521.4166666666666,1883.0833333333333,1355.75,3021.0416666666665,964.7083333333334,496.125,956.75,1424.5,348.9166666666667,2758.1666666666665,2497.25,819.375,2635.875,3022.625,1392.2916666666667,1477.0,1075.375,1519.6666666666667,1561.8333333333333,1198.2916666666667,1243.7083333333333,1734.4166666666667,853.5,658.5416666666666,884.2083333333334,752.6666666666666,533.3333333333334,454.875,351.4166666666667,715.6666666666666,961.2083333333334,548.0416666666666,285.1666666666667,981.0
2018-01-10,2539.8333333333335,1536.9166666666667,2473.0,1378.0,3122.125,1197.4583333333333,4294.708333333333,1562.2083333333333,868.0416666666666,436.125,5541.916666666667,1329.0833333333333,2273.9166666666665,482.5,1160.375,2003.8333333333333,1907.2916666666667,1203.1666666666667,732.2083333333334,13376.458333333334,1957.75,1661.0416666666667,3581.75,1285.0,168.875,528.5,1951.8333333333333,1366.75,3080.0,973.0,487.75,958.75,1439.2083333333333,359.625,2872.25,2616.5833333333335,812.75,2713.4583333333335,3108.9166666666665,1412.125,1515.6666666666667,1045.9166666666667,1526.75,1606.9583333333333,1229.5,1265.5833333333333,1710.1666666666667,873.125,690.7916666666666,861.4166666666666,749.25,522.5,458.5833333333333,351.0416666666667,724.6666666666666,971.2916666666666,527.875,290.375,995.5416666666666
2018-01-11,2616.875,1591.3333333333333,2490.2916666666665,1382.7916666666667,3269.125,1196.375,4460.0,1623.25,895.125,449.75,5740.666666666667,1341.25,2384.5416666666665,500.5833333333333,1202.3333333333333,2110.0833333333335,1985.375,1239.625,773.2916666666666,13609.416666666666,1953.3333333333333,1725.7083333333333,3739.4583333333335,1297.2916666666667,178.54166666666666,533.75,2040.2916666666667,1407.4166666666667,3182.4166666666665,991.875,507.4583333333333,988.0833333333334,1511.3333333333333,354.7916666666667,2872.5833333333335,2627.4166666666665,834.0,2738.1666666666665,3166.2916666666665,1450.0833333333333,1533.0833333333333,1093.7083333333333,1567.7083333333333,1661.6666666666667,1258.0833333333333,1284.0,1716.8333333333333,905.75,686.0833333333334,869.625,768.4583333333334,535.4166666666666,467.25,357.4583333333333,715.5,993.5416666666666,529.75,284.0833333333333,1004.7083333333334
2018-01-12,2751.7083333333335,1699.625,2601.4583333333335,1436.4166666666667,3451.9583333333335,1209.125,4513.666666666667,1617.0,936.9166666666666,451.875,5782.625,1436.625,2542.125,514.6666666666666,1201.3333333333333,2213.0,2071.0,1300.4166666666667,810.8333333333334,13523.125,2021.9583333333333,1895.0,3922.2916666666665,1294.625,180.75,583.5416666666666,2097.5,1438.625,3416.0,1100.4583333333333,529.7083333333334,989.2916666666666,1506.3333333333333,375.7916666666667,2857.6666666666665,2683.8333333333335,851.7916666666666,2720.0416666666665,3231.2083333333335,1484.4166666666667,1613.875,1097.375,1662.4166666666667,1685.7083333333333,1252.5833333333333,1353.7916666666667,1755.5,914.6666666666666,673.4583333333334,729.0,697.6666666666666,565.4166666666666,469.5833333333333,354.5416666666667,702.4583333333334,1048.3333333333333,577.8333333333334,309.0833333333333,1054.0416666666667
2018-01-13,2033.4583333333333,1428.125,1747.1666666666667,997.0416666666666,2732.0,765.4166666666666,3380.9166666666665,1596.0,816.1666666666666,407.9166666666667,4042.2916666666665,1343.0416666666667,2118.4583333333335,364.375,773.375,1675.0416666666667,1629.375,850.4166666666666,685.0416666666666,11221.666666666666,1363.5833333333333,1429.4166666666667,3156.5,1303.0,166.70833333333334,561.1666666666666,1745.5416666666667,883.8333333333334,2563.375,844.25,346.1666666666667,865.6666666666666,977.8333333333334,328.9166666666667,2247.9166666666665,1868.7916666666667,520.9166666666666,1837.0,2335.2916666666665,1122.8333333333333,1102.8333333333333,905.5416666666666,1276.2916666666667,1238.875,1029.9583333333333,1136.5,938.5,676.0,514.125,474.7916666666667,368.9583333333333,521.2083333333334,415.9583333333333,254.16666666666666,270.75,794.7916666666666,413.1666666666667,240.20833333333334,739.9166666666666
2018-01-14,1418.25,1215.0,1478.6666666666667,839.125,2313.2083333333335,566.2916666666666,2881.9583333333335,1576.7083333333333,859.2083333333334,346.4166666666667,3533.75,1246.75,1646.0833333333333,275.7083333333333,587.375,1345.0,1320.7916666666667,671.375,499.9583333333333,9733.041666666666,975.0416666666666,1262.9166666666667,2294.9583333333335,1266.25,166.16666666666666,478.3333333333333,1822.8333333333333,792.9583333333334,2529.875,722.0416666666666,286.5,827.375,795.7083333333334,298.75,1642.75,1353.7916666666667,407.2916666666667,1578.5,1823.75,937.6666666666666,814.5,802.0833333333334,1016.5,1047.5,830.7916666666666,968.5416666666666,751.375,583.9166666666666,431.3333333333333,380.1666666666667,307.9166666666667,482.75,343.5833333333333,209.5,199.83333333333334,601.125,331.7083333333333,185.625,570.375
2018-01-15,2416.625,1497.125,2404.375,1326.9166666666667,3202.4583333333335,1153.25,4265.291666666667,1542.5,826.5833333333334,428.875,5715.958333333333,1329.0416666666667,2216.9583333333335,477.1666666666667,1156.25,1961.5,1884.375,1187.125,709.9583333333334,13223.791666666666,1838.0,1643.6666666666667,3514.125,1271.2916666666667,173.375,509.25,1900.5,1345.8333333333333,3092.4583333333335,966.625,491.9166666666667,959.5416666666666,1442.75,337.7083333333333,2706.125,2525.5,828.4583333333334,2638.5,3017.625,1392.7916666666667,1460.5,994.8333333333334,1494.4166666666667,1538.3333333333333,1209.2916666666667,1241.0416666666667,1689.1666666666667,864.25,639.6666666666666,773.375,733.4583333333334,534.7083333333334,468.5833333333333,359.125,714.3333333333334,942.7083333333334,534.7083333333334,289.5833333333333,973.375
2018-01-16,2599.25,1556.3333333333333,2442.7083333333335,1370.25,3221.2083333333335,1192.125,4361.916666666667,1581.1666666666667,877.2916666666666,421.5833333333333,5985.833333333333,1342.375,2284.5416666666665,495.8333333333333,1182.9583333333333,1991.5833333333333,1938.2916666666667,1226.875,732.7916666666666,13450.208333333334,1898.5833333333333,1702.0833333333333,3609.4583333333335,1240.0833333333333,175.0,535.6666666666666,2022.7916666666667,1386.2916666666667,3157.2083333333335,982.0416666666666,507.625,975.8333333333334,1481.2083333333333,342.0416666666667,2775.25,2549.375,831.5,2730.4583333333335,3090.0416666666665,1389.5,1488.7083333333333,1032.2083333333333,1554.9583333333333,1593.6666666666667,1240.125,1254.0416666666667,1702.7916666666667,882.9166666666666,686.25,876.5,756.1666666666666,522.0833333333334,463.0,347.9166666666667,714.25,995.375,536.4583333333334,282.875,961.4166666666666
2018-01-17,2717.0833333333335,1594.0833333333333,2509.0416666666665,1431.125,3285.2916666666665,1215.7083333333333,4449.125,1613.0416666666667,900.375,421.875,6184.458333333333,1343.4583333333333,2384.2083333333335,486.6666666666667,1188.0416666666667,2019.2916666666667,1987.7916666666667,1253.875,736.0,13299.333333333334,1953.5416666666667,1750.5416666666667,3773.875,1292.4583333333333,193.875,521.7083333333334,2081.25,1417.4583333333333,3267.4166666666665,991.8333333333334,543.0833333333334,978.5416666666666,1515.2083333333333,347.9166666666667,2769.0416666666665,2665.25,842.25,2817.2083333333335,3151.4583333333335,1395.625,1515.4166666666667,1047.875,1597.2916666666667,1685.6666666666667,1244.5416666666667,1279.75,1765.7916666666667,906.4583333333334,674.375,841.6666666666666,743.375,514.625,456.0,345.7083333333333,722.5,1067.625,600.25,276.875,973.125
2018-01-18,2811.7083333333335,1611.6666666666667,2467.5,1427.4166666666667,3363.4583333333335,1217.4166666666667,4348.416666666667,1662.4583333333333,900.7916666666666,441.4166666666667,6218.0,1391.6666666666667,2460.625,496.9583333333333,1222.7916666666667,2082.25,2020.7083333333333,1272.6666666666667,782.3333333333334,13640.083333333334,1990.8333333333333,1798.5833333333333,3922.125,1313.7083333333333,175.58333333333334,549.5833333333334,2162.2916666666665,1438.2083333333333,3341.0,1001.125,544.1666666666666,1002.375,1542.6666666666667,358.0833333333333,2922.8333333333335,2683.375,837.5416666666666,2853.125,3238.2083333333335,1443.5,1529.25,1056.3333333333333,1660.5416666666667,1727.2083333333333,1228.5,1295.2916666666667,1714.0416666666667,918.625,694.625,824.6666666666666,723.125,528.1666666666666,463.4166666666667,340.7083333333333,721.25,1036.375,561.8333333333334,287.9166666666667,982.3333333333334
2018-01-19,2840.7083333333335,1663.3333333333333,2615.2083333333335,1471.2083333333333,3491.5416666666665,1241.4166666666667,4519.625,1667.5833333333333,959.8333333333334,463.0833333333333,6161.958333333333,1448.8333333333333,2533.25,505.9583333333333,1224.625,2176.625,2070.5,1348.3333333333333,807.7083333333334,13489.208333333334,2045.4583333333333,1926.5,4023.25,1254.1666666666667,183.375,576.2916666666666,2180.75,1474.2083333333333,3520.5416666666665,1089.2083333333333,542.9583333333334,1011.875,1554.625,376.2916666666667,2838.0,2729.0416666666665,840.4166666666666,2769.375,3300.75,1487.4583333333333,1619.1666666666667,1090.75,1690.4166666666667,1710.4166666666667,1294.3333333333333,1345.125,1762.9583333333333,905.625,671.9166666666666,718.6666666666666,598.9166666666666,560.2083333333334,465.375,349.625,734.375,1083.0416666666667,586.4166666666666,288.0833333333333,1069.5833333333333
2018-01-20,2069.5833333333335,1525.4583333333333,1830.125,1057.4166666666667,2725.25,779.5,3551.625,1669.0416666666667,856.2083333333334,403.7916666666667,4533.333333333333,1529.4583333333333,2163.625,359.0,778.375,1716.625,1692.4166666666667,893.5833333333334,641.5,11586.75,1212.9583333333333,1484.2916666666667,3197.7916666666665,1378.75,165.79166666666666,528.8333333333334,2066.3333333333335,893.0416666666666,2727.1666666666665,827.1666666666666,357.2916666666667,925.7083333333334,998.4166666666666,321.2916666666667,2122.375,1744.875,527.25,1943.2083333333333,2347.3333333333335,1110.1666666666667,1072.9166666666667,941.9166666666666,1308.5833333333333,1250.9166666666667,1060.5,1197.4583333333333,1003.5416666666666,683.7083333333334,505.1666666666667,473.5833333333333,384.5833333333333,518.5416666666666,408.125,282.0,320.7916666666667,837.2083333333334,450.7083333333333,232.45833333333334,723.7083333333334
2018-01-21,1578.8333333333333,1272.1666666666667,1452.9166666666667,935.0416666666666,2398.8333333333335,593.9583333333334,3158.375,1620.5,841.7083333333334,350.5833333333333,4220.041666666667,1292.5416666666667,1657.1666666666667,255.45833333333334,709.75,1341.0833333333333,1443.0416666666667,743.2916666666666,545.4166666666666,10468.583333333334,1050.25,1350.875,2401.7916666666665,1287.1666666666667,160.41666666666666,467.7916666666667,1880.125,807.6666666666666,2664.1666666666665,732.0416666666666,295.0,866.0,888.6666666666666,291.25,1752.875,1534.375,457.625,1726.625,1998.4166666666667,988.25,869.3333333333334,841.6666666666666,1015.25,1093.0416666666667,849.125,973.2083333333334,748.8333333333334,613.0416666666666,442.6666666666667,381.5416666666667,306.4583333333333,471.875,344.4166666666667,205.41666666666666,249.75,643.2916666666666,365.25,187.125,589.8333333333334
2018-01-22,2455.2916666666665,1502.125,2363.4166666666665,1356.4583333333333,3109.75,1158.7916666666667,4239.958333333333,1518.4166666666667,831.5833333333334,424.3333333333333,5875.0,1373.0,2170.9166666666665,480.0,1148.625,1919.5416666666667,1873.1666666666667,1173.6666666666667,707.3333333333334,13192.75,1826.875,1647.75,3530.125,1265.8333333333333,172.08333333333334,505.125,1931.9166666666667,1360.4166666666667,3096.1666666666665,946.7083333333334,525.9166666666666,941.6666666666666,1464.9583333333333,326.4583333333333,2676.5833333333335,2503.5833333333335,828.7916666666666,2664.375,3006.4166666666665,1380.875,1433.2916666666667,1044.125,1486.3333333333333,1514.0416666666667,1224.0,1231.4583333333333,1686.7916666666667,845.375,644.7083333333334,793.7083333333334,738.4166666666666,530.5833333333334,457.9166666666667,351.6666666666667,720.9166666666666,948.5,525.0416666666666,284.4166666666667,947.5833333333334
2018-01-23,2609.5833333333335,1559.3333333333333,2424.25,1385.8333333333333,3240.375,1184.0833333333333,4290.75,1583.0,869.5833333333334,425.625,6047.541666666667,1381.0416666666667,2343.6666666666665,474.6666666666667,1197.7916666666667,1998.6666666666667,1959.5833333333333,1218.25,738.5833333333334,13455.0,1895.3333333333333,1706.2083333333333,3737.7083333333335,1283.4583333333333,169.20833333333334,521.9166666666666,2054.3333333333335,1415.125,3221.4583333333335,988.8333333333334,523.875,980.0416666666666,1481.7083333333333,347.7916666666667,2731.7083333333335,2567.7916666666665,843.0,2776.6666666666665,3134.9583333333335,1377.125,1474.3333333333333,1089.25,1617.5416666666667,1606.75,1226.9166666666667,1228.3333333333333,1686.7916666666667,891.5833333333334,673.0833333333334,877.125,767.6666666666666,519.4166666666666,455.4583333333333,350.9166666666667,709.9583333333334,989.5416666666666,533.8333333333334,277.7083333333333,968.7916666666666
2018-01-24,2832.0,1570.375,2455.75,1449.9166666666667,3369.75,1209.4166666666667,4409.666666666667,1586.0833333333333,890.7916666666666,411.875,6067.916666666667,1310.6666666666667,2308.2083333333335,474.9166666666667,1221.625,2016.6666666666667,1969.4166666666667,1243.875,756.7083333333334,13451.875,2028.625,1746.5416666666667,3900.5,1630.8333333333333,167.0,531.6666666666666,2223.7083333333335,1419.125,3260.25,999.2916666666666,487.0833333333333,938.25,1513.4583333333333,343.7083333333333,2809.75,2714.3333333333335,819.9166666666666,2807.6666666666665,3230.5,1422.125,1504.9166666666667,1103.3333333333333,1591.75,1636.9583333333333,1159.125,1266.9166666666667,1700.8333333333333,896.5833333333334,656.2916666666666,651.75,777.0,492.375,435.125,324.0833333333333,718.1666666666666,1006.5833333333334,543.125,277.125,960.9583333333334
2018-01-25,2743.8333333333335,1607.125,2490.6666666666665,1411.2916666666667,3378.75,1183.3333333333333,4443.791666666667,1598.0833333333333,863.875,433.7083333333333,4665.166666666667,1242.7083333333333,2409.625,500.3333333333333,1172.0833333333333,2054.0416666666665,1964.2916666666667,1259.5,764.7083333333334,13677.416666666666,1987.875,1779.375,3815.5,1661.1666666666667,173.29166666666666,535.9166666666666,1994.6666666666667,1425.2916666666667,3314.0833333333335,1020.4166666666666,551.0416666666666,958.3333333333334,1505.0833333333333,358.2916666666667,2908.4166666666665,2624.2083333333335,846.5416666666666,2772.9583333333335,3169.1666666666665,1437.7083333333333,1502.75,1113.2083333333333,1810.0833333333333,1726.7916666666667,1244.7916666666667,1230.9583333333333,1721.7916666666667,891.75,670.4583333333334,665.0833333333334,783.0416666666666,515.5,455.9583333333333,351.7083333333333,731.9166666666666,976.9166666666666,534.125,288.0833333333333,996.75
2018-01-26,2688.875,1690.9583333333333,2549.0833333333335,1438.2916666666667,3558.7916666666665,1191.0,4495.625,1669.0416666666667,932.1666666666666,465.2916666666667,4491.833333333333,1407.0,2570.5,513.0833333333334,1120.9166666666667,2223.3333333333335,2002.0,1302.4583333333333,810.0,13905.958333333334,2009.0416666666667,1890.8333333333333,4033.9583333333335,1703.75,180.70833333333334,565.5416666666666,2087.7083333333335,1329.7916666666667,3620.5,1091.5833333333333,540.5833333333334,1015.0833333333334,1405.625,377.1666666666667,2849.2083333333335,2684.75,863.6666666666666,2716.3333333333335,3174.75,1502.2083333333333,1538.7916666666667,1152.2916666666667,1679.2916666666667,1730.75,1309.4166666666667,1354.0833333333333,1753.875,895.7916666666666,700.5833333333334,701.25,794.2916666666666,563.1666666666666,481.5,375.2916666666667,763.0416666666666,1043.0416666666667,578.0,305.0833333333333,1054.1666666666667
2018-01-27,2025.4583333333333,1493.2083333333333,1748.2916666666667,1013.3333333333334,2828.7916666666665,744.375,3412.5833333333335,1641.9166666666667,865.4583333333334,409.4166666666667,3936.125,1481.75,2187.9166666666665,353.1666666666667,712.5,1762.6666666666667,1625.8333333333333,842.7916666666666,640.6666666666666,11315.333333333334,1228.8333333333333,1467.2083333333333,3175.4166666666665,1343.25,178.0,539.7083333333334,1764.5833333333333,883.6666666666666,2693.125,846.875,356.5416666666667,900.4166666666666,973.1666666666666,335.2916666666667,2070.2083333333335,1705.5,531.8333333333334,1855.2916666666667,2288.1666666666665,1096.8333333333333,1033.125,933.2916666666666,1478.4583333333333,1250.75,1086.9583333333333,1132.2083333333333,945.1666666666666,655.7083333333334,527.375,465.1666666666667,535.7083333333334,523.5416666666666,413.1666666666667,280.6666666666667,293.4166666666667,815.9166666666666,413.0416666666667,242.83333333333334,727.9166666666666
2018-01-28,1365.625,1258.25,1449.25,884.375,2405.1666666666665,594.7083333333334,3022.625,1583.9583333333333,846.3333333333334,350.625,3325.7083333333335,1313.4166666666667,1658.5833333333333,266.5,628.0833333333334,1355.4166666666667,1378.7083333333333,697.75,537.0416666666666,10383.458333333334,967.8333333333334,1348.2916666666667,2304.2083333333335,1328.125,167.41666666666666,488.5833333333333,1658.5,811.875,2813.1666666666665,749.75,309.5833333333333,876.9166666666666,871.6666666666666,299.4166666666667,1505.9166666666667,1392.625,432.7083333333333,1664.7916666666667,1948.6666666666667,985.1666666666666,762.0416666666666,828.5,1201.125,1061.0833333333333,849.5833333333334,1012.3333333333334,829.2083333333334,592.125,423.3333333333333,385.9583333333333,450.875,476.4583333333333,338.4166666666667,202.625,244.875,618.5416666666666,354.1666666666667,188.25,591.9583333333334
2018-01-29,2381.5833333333335,1529.5,2361.2083333333335,1362.25,3187.9166666666665,1142.25,4295.041666666667,1502.7916666666667,837.5416666666666,423.3333333333333,5059.333333333333,1387.7083333333333,2214.375,468.8333333333333,1167.0,1931.0833333333333,1909.75,1177.4583333333333,733.4583333333334,13284.083333333334,1847.3333333333333,1628.7916666666667,3530.7083333333335,1571.7083333333333,168.41666666666666,512.7916666666666,1861.5833333333333,1362.25,3213.875,958.0416666666666,502.9166666666667,933.3333333333334,1513.0416666666667,340.0,2467.5833333333335,2502.625,836.875,2693.9166666666665,3066.0416666666665,1390.9166666666667,1428.0416666666667,1072.6666666666667,1689.1666666666667,1521.375,1222.4166666666667,1235.0,1697.9166666666667,852.3333333333334,632.4166666666666,656.75,757.0416666666666,525.8333333333334,462.1666666666667,345.7916666666667,695.1666666666666,957.3333333333334,532.7916666666666,271.75,949.3333333333334
2018-01-30,2558.7083333333335,1076.25,2413.4583333333335,1408.7083333333333,3342.5833333333335,1147.9583333333333,4369.166666666667,1559.0416666666667,842.0416666666666,434.5833333333333,5105.875,1317.5833333333333,2227.0,489.2083333333333,1216.2916666666667,1544.375,1067.0833333333333,1212.25,747.9583333333334,13362.291666666666,1901.8333333333333,1716.875,3848.875,1615.9583333333333,172.45833333333334,521.5,1867.2916666666667,1399.125,3184.6666666666665,1005.75,537.7083333333334,938.2083333333334,1560.3333333333333,355.8333333333333,2642.0416666666665,2567.5833333333335,862.2083333333334,2761.2916666666665,3196.4166666666665,1411.0833333333333,1450.8333333333333,1084.8333333333333,1548.8333333333333,1615.5416666666667,1215.375,1243.2083333333333,1694.0416666666667,893.0,653.4166666666666,657.25,770.7916666666666,514.125,454.875,346.875,712.4583333333334,998.7083333333334,538.5,275.8333333333333,969.5416666666666
2018-01-31,2638.375,1621.875,2483.6666666666665,1392.1666666666667,3421.0416666666665,1149.0833333333333,4427.25,1617.875,847.8333333333334,449.75,5203.291666666667,1391.5416666666667,2316.0,485.7916666666667,1223.7083333333333,2058.4166666666665,2024.875,1228.4166666666667,765.5416666666666,13527.916666666666,1944.1666666666667,1745.7916666666667,3984.2083333333335,1619.75,180.125,545.9583333333334,2228.625,1427.75,3334.25,1033.75,546.375,947.0,1567.875,357.125,2665.2083333333335,2628.7083333333335,878.3333333333334,2763.2916666666665,3243.1666666666665,1437.4583333333333,1484.5,1087.0,1576.5833333333333,1628.0833333333333,1253.0,1285.0416666666667,1723.2083333333333,911.5833333333334,671.7083333333334,671.125,781.7916666666666,533.375,468.625,344.875,716.9583333333334,1019.5416666666666,553.3333333333334,281.0833333333333,994.8333333333334
2018-02-01,2695.8333333333335,1635.3333333333333,2521.2916666666665,1432.375,3470.6666666666665,1208.4583333333333,4452.166666666667,1744.4166666666667,929.4583333333334,452.9166666666667,5915.958333333333,1286.125,2416.6666666666665,499.5416666666667,1227.4166666666667,2093.625,2020.0833333333333,1288.6666666666667,771.5833333333334,13580.583333333334,1975.1666666666667,1824.7083333333333,3838.0833333333335,1274.125,178.0,553.5416666666666,2194.9166666666665,1464.75,3372.75,1046.7083333333333,587.5,1022.625,1564.1666666666667,362.7916666666667,2971.0416666666665,2668.2916666666665,877.0416666666666,2804.4583333333335,3324.5,1456.9583333333333,1572.75,1117.625,1618.25,1693.3333333333333,1242.2916666666667,1305.1666666666667,1735.9166666666667,892.875,701.7083333333334,852.5,776.9583333333334,543.9583333333334,474.0833333333333,352.7083333333333,716.6666666666666,1000.7083333333334,547.0833333333334,294.3333333333333,1011.375
2018-02-02,2762.4583333333335,1708.2916666666667,2546.1666666666665,1410.0833333333333,3591.9166666666665,1227.1666666666667,4614.208333333333,1719.375,926.2083333333334,457.4583333333333,5986.958333333333,1384.0,2535.7083333333335,523.625,1220.125,2223.3333333333335,2041.125,1306.0416666666667,809.8333333333334,13567.0,2042.1666666666667,1937.5833333333333,4107.625,1218.9583333333333,189.875,593.25,2256.4583333333335,1477.0,3549.5,1102.3333333333333,556.5,1039.4166666666667,1526.2916666666667,334.5416666666667,2950.9583333333335,2709.5416666666665,824.0833333333334,2792.375,3310.9166666666665,1507.2083333333333,1584.9166666666667,1100.3333333333333,1668.4166666666667,1715.9583333333333,1300.0833333333333,1376.2083333333333,1788.0416666666667,906.0416666666666,654.625,729.0416666666666,694.4166666666666,570.2916666666666,495.875,352.3333333333333,744.125,1073.8333333333333,584.9583333333334,301.9583333333333,1069.2916666666667
2018-02-03,2050.75,1522.375,1725.4166666666667,1019.4583333333334,2873.5416666666665,762.875,3441.8333333333335,1680.7083333333333,857.7916666666666,371.6666666666667,4366.541666666667,1453.125,2187.0833333333335,350.8333333333333,789.0833333333334,1748.4583333333333,1651.75,845.4166666666666,663.4583333333334,11306.125,1218.0833333333333,1489.6666666666667,3243.7083333333335,1405.2916666666667,170.45833333333334,552.4166666666666,1925.7916666666667,886.5,2787.9583333333335,849.7916666666666,363.9166666666667,929.25,999.125,330.4583333333333,2138.875,1722.1666666666667,515.1666666666666,1879.4166666666667,2352.0416666666665,1127.6666666666667,1022.375,878.3333333333334,1270.4166666666667,1234.375,1080.5833333333333,1171.9583333333333,943.25,685.7916666666666,502.7916666666667,471.875,541.7916666666666,485.4583333333333,386.4166666666667,265.4583333333333,273.125,802.9166666666666,415.9583333333333,251.83333333333334,740.1666666666666
2018-02-04,1334.0416666666667,1202.5833333333333,1301.3333333333333,760.2916666666666,2273.875,559.0416666666666,2817.0416666666665,1563.375,886.375,0.0,3497.25,1209.9583333333333,1550.2083333333333,240.95833333333334,562.7083333333334,1264.625,1228.7083333333333,611.6666666666666,493.9583333333333,9384.041666666666,881.5416666666666,1215.3333333333333,2269.9583333333335,1180.5416666666667,153.625,488.2083333333333,1805.125,760.7916666666666,2484.2916666666665,649.7083333333334,290.0833333333333,742.4583333333334,723.9166666666666,305.4166666666667,1561.5416666666667,1240.9166666666667,378.9583333333333,1494.2916666666667,1735.0833333333333,890.7916666666666,755.125,0.0,1125.4583333333333,1023.8333333333334,779.125,967.7916666666666,765.125,532.5833333333334,413.5833333333333,358.5416666666667,405.0833333333333,0.0,0.0,0.0,233.83333333333334,558.7916666666666,307.2916666666667,176.66666666666666,544.5416666666666
2018-02-05,2167.0416666666665,1398.75,2270.1666666666665,1176.3333333333333,3017.7916666666665,1145.4166666666667,3976.0416666666665,1584.4166666666667,775.5,412.0833333333333,5498.916666666667,1255.7916666666667,1971.625,444.0833333333333,1070.0416666666667,1840.0,1754.4166666666667,1149.375,644.375,11917.583333333334,1759.4166666666667,1647.9166666666667,3306.7083333333335,1128.0,165.875,450.75,1972.4583333333333,1282.4583333333333,2954.5416666666665,952.0,521.3333333333334,866.625,1489.25,312.0416666666667,2557.5416666666665,2273.9166666666665,774.375,2520.4583333333335,2749.1666666666665,1205.0416666666667,1231.25,925.6666666666666,1349.5833333333333,1473.0416666666667,1122.2083333333333,1143.8333333333333,1656.0,802.25,614.875,794.9583333333334,697.9166666666666,506.5416666666667,441.125,334.1666666666667,737.875,901.625,526.75,273.4166666666667,916.4583333333334
2018-02-06,2472.8333333333335,1589.875,2413.625,1368.6666666666667,3356.5833333333335,1158.75,4293.25,1570.5,835.75,441.7916666666667,5953.875,1283.9166666666667,2232.625,491.4166666666667,1189.75,1977.4166666666667,1888.5,1214.3333333333333,718.125,13111.791666666666,1903.3333333333333,1772.0,3628.7916666666665,1226.75,169.75,519.5,2042.2083333333333,1369.7916666666667,3133.9583333333335,1047.9166666666667,566.0833333333334,966.25,1340.25,342.6666666666667,2654.0833333333335,2414.2916666666665,834.9166666666666,2601.5,3157.0833333333335,1383.5416666666667,1431.1666666666667,1035.4583333333333,1525.875,1602.9166666666667,1201.7083333333333,1251.4583333333333,1702.5416666666667,868.9166666666666,652.125,816.5833333333334,735.0,522.875,459.5,352.9583333333333,735.4166666666666,950.3333333333334,520.0,278.7083333333333,983.25
2018-02-07,2592.5416666666665,1602.2916666666667,2479.875,1430.1666666666667,3376.0833333333335,1197.3333333333333,4451.5,1653.7083333333333,878.375,434.2916666666667,6100.708333333333,1339.9583333333333,2291.625,486.1666666666667,1224.5,2043.9166666666667,1993.875,1259.0833333333333,740.75,13441.458333333334,1942.9166666666667,1854.6666666666667,3676.875,1377.5,173.875,523.0416666666666,2116.8333333333335,1414.9166666666667,3251.0,1066.2083333333333,566.0833333333334,989.2916666666666,1419.125,359.2916666666667,2779.1666666666665,2611.4583333333335,873.0833333333334,2750.875,3216.7916666666665,1430.0833333333333,1500.0,1083.8333333333333,1440.25,1645.8333333333333,1245.3333333333333,1285.0416666666667,1719.5416666666667,912.2083333333334,679.9583333333334,802.4583333333334,741.625,532.25,464.0,353.7083333333333,737.875,994.5416666666666,535.9166666666666,284.4583333333333,992.0416666666666
2018-02-08,2730.9583333333335,1651.0,2507.75,1459.375,3485.7083333333335,1222.8333333333333,4526.625,1651.25,894.2083333333334,451.4583333333333,6269.0,1395.875,2403.4166666666665,500.625,1254.5833333333333,2081.9166666666665,2028.3333333333333,1270.125,764.2083333333334,13476.708333333334,1989.0416666666667,1925.125,3870.4166666666665,1377.125,183.79166666666666,548.25,2209.75,1453.8333333333333,3328.9583333333335,1093.875,574.5416666666666,1005.25,1418.5,358.75,2905.2916666666665,2680.875,874.25,2805.9166666666665,3306.6666666666665,1455.0,1558.0416666666667,1108.5833333333333,1620.3333333333333,1693.1666666666667,1257.2916666666667,1297.5,1737.9166666666667,912.1666666666666,698.3333333333334,830.9583333333334,762.9166666666666,533.0416666666666,467.1666666666667,351.0833333333333,720.375,989.7083333333334,536.375,293.25,1003.0833333333334
2018-02-09,2795.2083333333335,1722.5416666666667,2614.1666666666665,1435.5416666666667,3659.25,1214.125,4621.416666666667,1612.5833333333333,944.8333333333334,453.5,6174.416666666667,1382.2916666666667,2566.0833333333335,520.0,1213.8333333333333,2255.6666666666665,2078.9583333333335,1352.7083333333333,801.75,13287.375,2043.5416666666667,1876.125,4097.416666666667,1287.5416666666667,188.79166666666666,596.4583333333334,2266.5416666666665,1495.0,3552.1666666666665,1061.7916666666667,549.5833333333334,1043.0416666666667,1438.9166666666667,370.0833333333333,2942.1666666666665,2704.0416666666665,846.5833333333334,2773.5416666666665,3342.5416666666665,1513.5,1580.375,1098.3333333333333,1684.2083333333333,1733.4166666666667,1317.8333333333333,1357.25,1758.4583333333333,904.625,618.2083333333334,707.8333333333334,665.3333333333334,575.6666666666666,466.5,338.0416666666667,724.625,1053.5416666666667,583.25,302.375,1075.375
2018-02-10,2156.75,1532.2083333333333,1726.7083333333333,1083.3333333333333,2894.5416666666665,762.0,3509.0833333333335,1584.6666666666667,803.8333333333334,417.2083333333333,4458.083333333333,1505.0416666666667,2196.4583333333335,354.9166666666667,825.7083333333334,1782.5416666666667,1692.6666666666667,873.0833333333334,664.4583333333334,11377.583333333334,1330.0,1526.0833333333333,3563.1666666666665,1367.8333333333333,164.625,544.8333333333334,1930.2916666666667,900.1666666666666,2795.125,858.0416666666666,342.75,895.625,1001.5833333333334,310.2916666666667,2233.2083333333335,1918.1666666666667,519.9583333333334,1943.25,2441.875,1153.7083333333333,1106.875,922.1666666666666,1267.7083333333333,1254.0,1027.9166666666667,1178.4166666666667,943.125,684.6666666666666,508.6666666666667,469.7916666666667,543.625,529.9583333333334,422.5833333333333,280.9166666666667,311.5,850.4166666666666,413.4166666666667,255.08333333333334,749.125
2018-02-11,1436.6666666666667,1323.625,1482.0416666666667,913.4166666666666,2539.0,584.4583333333334,3141.9166666666665,1536.0833333333333,857.4166666666666,354.9583333333333,4105.041666666667,1316.3333333333333,1713.875,260.1666666666667,619.4583333333334,1426.0833333333333,1432.5416666666667,752.7083333333334,549.5,10437.083333333334,969.2083333333334,1427.1666666666667,2460.7916666666665,1344.9583333333333,162.41666666666666,490.5,1914.2916666666667,840.7083333333334,2760.75,801.5416666666666,293.4583333333333,884.6666666666666,821.1666666666666,310.0833333333333,1529.5833333333333,1384.875,441.9583333333333,1737.0,1956.8333333333333,979.5833333333334,793.0,850.6666666666666,1024.0416666666667,1100.875,904.5416666666666,1016.0416666666666,762.3333333333334,654.0,439.3333333333333,380.6666666666667,442.8333333333333,483.9583333333333,358.625,202.625,247.79166666666666,680.25,342.1666666666667,180.91666666666666,576.0416666666666
2018-02-12,2526.5416666666665,1585.5,2400.375,1395.25,3288.9166666666665,1151.625,4331.625,1571.6666666666667,867.6666666666666,426.9583333333333,6029.458333333333,1349.4583333333333,2255.625,480.5416666666667,1215.375,1994.9166666666667,1906.5,1208.9166666666667,721.1666666666666,13405.166666666666,1845.5416666666667,1787.7083333333333,3625.2083333333335,1259.0416666666667,161.75,500.3333333333333,2038.375,1386.375,3186.3333333333335,1046.375,533.375,961.375,1389.9166666666667,351.125,2682.7916666666665,2532.0416666666665,814.9166666666666,2723.375,3145.6666666666665,1392.0833333333333,1481.0833333333333,1046.3333333333333,1495.2916666666667,1528.1666666666667,1178.7083333333333,1250.9166666666667,1696.0,855.3333333333334,632.6666666666666,763.2083333333334,734.0,530.2916666666666,460.375,341.5416666666667,717.4583333333334,917.1666666666666,520.9583333333334,286.5416666666667,983.4583333333334
2018-02-13,2689.7916666666665,1628.9166666666667,2462.1666666666665,1399.0833333333333,3374.6666666666665,1183.0416666666667,4376.833333333333,1579.2083333333333,853.9583333333334,441.25,6141.541666666667,1317.2083333333333,2302.2083333333335,504.4166666666667,1238.7083333333333,2055.25,1993.7916666666667,1253.9583333333333,737.8333333333334,13518.833333333334,1894.5416666666667,1818.0,3776.875,1303.5833333333333,166.08333333333334,553.5833333333334,2123.9583333333335,1432.0833333333333,3296.0833333333335,1034.0416666666667,531.4166666666666,970.375,1433.5416666666667,359.3333333333333,2902.375,2627.2083333333335,855.2916666666666,2776.7916666666665,3250.9583333333335,1435.7083333333333,1542.7916666666667,1087.375,1552.125,1618.125,1255.125,1277.125,1712.7083333333333,900.8333333333334,660.0,807.0,749.625,522.625,468.6666666666667,348.0,712.0416666666666,968.3333333333334,535.5416666666666,289.6666666666667,975.6666666666666
2018-02-14,2852.1666666666665,1678.0,2591.5833333333335,1407.9166666666667,3499.375,1214.625,4521.541666666667,1624.8333333333333,888.25,452.5833333333333,6342.083333333333,1323.9166666666667,2388.25,496.2916666666667,1252.125,2126.5833333333335,2048.75,1291.75,784.8333333333334,13534.583333333334,2046.6666666666667,1887.9583333333333,3960.4166666666665,1283.6666666666667,178.95833333333334,568.0416666666666,2215.7916666666665,1464.4583333333333,3473.25,1054.375,535.2916666666666,1011.75,1468.5,360.5,2973.2916666666665,2696.75,855.125,2899.5416666666665,3260.25,1529.5833333333333,1565.1666666666667,1098.4166666666667,1597.7916666666667,1699.75,1273.5833333333333,1312.5416666666667,1760.625,939.4583333333334,693.625,784.0,792.7083333333334,531.6666666666666,479.5416666666667,343.9166666666667,729.0,1018.7083333333334,536.2916666666666,287.875,1014.0833333333334
2018-02-15,2804.75,1684.0,2390.1666666666665,1389.9166666666667,3469.1666666666665,1122.875,4443.375,1680.8333333333333,912.125,434.9166666666667,6245.916666666667,1342.5416666666667,2466.0416666666665,472.0416666666667,1211.5,2120.2083333333335,2034.75,1237.0,747.0416666666666,13898.375,1814.5833333333333,1887.5416666666667,3971.5,1252.2083333333333,169.66666666666666,563.3333333333334,2275.5,1400.9583333333333,3454.8333333333335,1043.0416666666667,482.4166666666667,990.875,1420.875,381.7916666666667,2949.375,2606.8333333333335,762.625,2718.0833333333335,3219.0,1403.875,1492.6666666666667,1087.375,1609.2083333333333,1667.9166666666667,1197.2916666666667,1296.25,1607.8333333333333,897.2083333333334,689.2916666666666,804.125,752.3333333333334,538.7083333333334,461.6666666666667,332.3333333333333,652.0,954.3333333333334,495.9166666666667,274.7083333333333,880.875
2018-02-16,2704.125,1723.2916666666667,2410.125,1381.5416666666667,3561.5416666666665,1115.1666666666667,4428.583333333333,1635.4166666666667,974.6666666666666,436.2916666666667,6112.333333333333,1458.4583333333333,2565.625,480.3333333333333,1161.125,2202.4166666666665,1986.75,1256.5,768.25,13488.75,1803.9166666666667,1870.25,4020.5416666666665,1257.0833333333333,174.70833333333334,594.375,2212.25,1379.3333333333333,3473.8333333333335,1014.6666666666666,462.0833333333333,977.0833333333334,1336.8333333333333,380.125,2724.4583333333335,2524.25,714.5416666666666,2669.25,3146.1666666666665,1433.3333333333333,1485.0833333333333,1046.2083333333333,1640.3333333333333,1653.0416666666667,1220.875,1331.3333333333333,1591.8333333333333,859.2916666666666,620.5,684.875,646.125,554.875,453.875,330.5833333333333,607.9166666666666,972.8333333333334,495.5416666666667,277.6666666666667,910.375
2018-02-17,2002.6666666666667,1504.875,1556.7916666666667,991.875,2805.75,690.6666666666666,3379.4583333333335,1598.9583333333333,878.25,409.7083333333333,4358.666666666667,1497.9166666666667,2199.875,151.5,694.0,1714.7916666666667,1565.625,821.3333333333334,636.5416666666666,11022.75,1129.0416666666667,1481.9166666666667,2935.9166666666665,1046.0,170.45833333333334,567.7083333333334,1911.7916666666667,833.7916666666666,2760.3333333333335,872.125,308.0416666666667,903.4583333333334,874.0,341.0416666666667,1967.6666666666667,1620.75,477.7083333333333,1803.0416666666667,2167.9583333333335,1085.9166666666667,1071.375,901.4166666666666,1260.1666666666667,1197.4166666666667,990.8333333333334,1138.0416666666667,879.0416666666666,667.4583333333334,475.1666666666667,438.4166666666667,461.75,553.0,455.2916666666667,266.2083333333333,324.0833333333333,801.6666666666666,382.375,227.45833333333334,664.4583333333334
2018-02-18,1440.3333333333333,1301.2916666666667,1376.125,890.625,2490.4166666666665,581.875,3163.8333333333335,1502.9583333333333,875.9166666666666,353.5833333333333,4285.0,1270.4166666666667,1694.3333333333333,53.416666666666664,638.5416666666666,1363.0,1449.625,742.7083333333334,526.2083333333334,10451.166666666666,922.125,1414.5416666666667,2469.875,983.9166666666666,152.95833333333334,483.3333333333333,1664.5416666666667,833.875,2769.625,774.1666666666666,269.1666666666667,895.2916666666666,815.4166666666666,296.2916666666667,1482.625,1338.0,420.9583333333333,1719.9583333333333,1911.2916666666667,976.0416666666666,777.5833333333334,862.9583333333334,1008.0833333333334,1035.0833333333333,817.2083333333334,1027.4166666666667,797.9166666666666,658.375,428.125,366.0,418.6666666666667,466.6666666666667,322.5833333333333,206.375,279.6666666666667,643.8333333333334,372.875,187.125,567.0
2018-02-19,2506.625,1586.5,2383.625,1355.0416666666667,3255.4166666666665,1146.2083333333333,4226.416666666667,1579.0416666666667,861.8333333333334,426.2916666666667,6037.5,1354.2083333333333,2247.75,475.5,1211.0,1953.3333333333333,1915.5,1197.875,708.7916666666666,13287.25,1857.2916666666667,1781.9583333333333,3592.0833333333335,1202.4583333333333,164.625,521.1666666666666,2045.75,1336.7083333333333,3212.25,1014.5833333333334,509.1666666666667,962.0833333333334,1406.7083333333333,343.8333333333333,2696.875,2516.7083333333335,821.9583333333334,2677.125,3125.2083333333335,1382.75,1513.6666666666667,1035.0,1490.2083333333333,1532.125,1212.7083333333333,1240.0833333333333,1689.9166666666667,845.5833333333334,645.0,780.3333333333334,735.0,521.5833333333334,453.25,353.4583333333333,700.7083333333334,952.25,536.2916666666666,280.7916666666667,975.8333333333334
2018-02-20,2653.1666666666665,1637.5416666666667,2444.75,1373.2916666666667,3314.0833333333335,1171.0,4331.791666666667,1553.9166666666667,846.4166666666666,437.875,6119.458333333333,1322.625,2330.0833333333335,486.625,1231.9583333333333,2076.25,1966.3333333333333,1264.125,740.125,13471.625,1906.2916666666667,1808.7916666666667,3705.8333333333335,1227.4583333333333,164.125,535.7083333333334,2131.875,1373.75,3248.625,1052.75,500.5416666666667,985.4583333333334,1426.9166666666667,341.4166666666667,2862.2083333333335,2578.375,821.5833333333334,2779.0,3216.2916666666665,1412.25,1559.0,1032.875,1566.0,1591.0416666666667,1176.7083333333333,1255.875,1708.3333333333333,884.0416666666666,664.375,814.75,737.625,511.4166666666667,446.6666666666667,329.3333333333333,715.0833333333334,994.9166666666666,533.625,269.5,970.875
2018-02-21,2786.2083333333335,1649.4583333333333,2479.4583333333335,1386.0833333333333,3410.0,1169.7083333333333,4434.125,1597.625,893.4166666666666,433.4583333333333,6190.5,1399.375,2365.2083333333335,484.7916666666667,1245.2916666666667,2100.5416666666665,1998.125,1269.75,730.1666666666666,13559.541666666666,1966.4583333333333,1839.75,3861.25,1240.5833333333333,167.875,543.3333333333334,2141.7083333333335,1425.875,3370.125,1029.5833333333333,503.2916666666667,978.6666666666666,1469.4583333333333,361.5416666666667,2887.0833333333335,2637.5416666666665,846.25,2854.75,3219.7083333333335,1400.75,1679.0833333333333,1069.3333333333333,1605.4166666666667,1659.0,1204.75,1296.4166666666667,1718.5416666666667,899.9583333333334,658.3333333333334,796.4166666666666,763.4166666666666,507.2083333333333,461.7916666666667,348.125,702.625,1017.25,553.5,284.0833333333333,976.5
2018-02-22,2877.4166666666665,1677.5416666666667,2537.0,1410.375,3506.9583333333335,1191.7916666666667,4514.25,1630.6666666666667,898.1666666666666,449.4583333333333,6245.166666666667,1448.9166666666667,2479.9166666666665,489.875,1256.0833333333333,2147.8333333333335,2063.375,1311.2916666666667,774.7083333333334,13809.708333333334,1996.4166666666667,1944.0,3994.4583333333335,1292.0416666666667,170.5,562.8333333333334,2128.7916666666665,1468.0,3486.25,1087.875,515.5416666666666,1041.375,1493.0416666666667,358.9166666666667,3029.25,2727.7916666666665,843.7083333333334,2805.5,3337.5833333333335,1421.9583333333333,1603.75,1086.5833333333333,1655.9583333333333,1728.0,1233.1666666666667,1327.375,1732.1666666666667,910.4166666666666,699.7916666666666,835.4583333333334,782.6666666666666,524.5416666666666,458.0416666666667,341.125,738.75,1026.6666666666667,581.7916666666666,286.75,989.4166666666666
2018-02-23,2846.4583333333335,1720.1666666666667,2583.2916666666665,1407.375,3629.2916666666665,1210.9166666666667,4616.0,1618.625,932.625,452.4583333333333,6382.25,1403.625,2559.0416666666665,503.9166666666667,1238.2083333333333,2251.1666666666665,2023.1666666666667,1339.2083333333333,808.625,13720.458333333334,2041.6666666666667,1902.9583333333333,4102.25,1332.5416666666667,173.625,581.125,2217.25,1493.5,3592.9583333333335,1056.2083333333333,493.375,1030.3333333333333,1481.875,372.4583333333333,2951.625,2750.0833333333335,867.5416666666666,2795.125,3360.5833333333335,1484.8333333333333,1616.875,1107.375,1668.4166666666667,1736.5,1331.4583333333333,1370.8333333333333,1756.6666666666667,931.25,645.2916666666666,810.0,679.8333333333334,551.6666666666666,473.9583333333333,353.2916666666667,736.6666666666666,1082.1666666666667,597.375,303.875,1036.25
2018-02-24,2162.4583333333335,1537.5833333333333,1833.875,1064.9583333333333,2978.5,765.9583333333334,3624.7083333333335,1549.375,845.1666666666666,424.0,4664.708333333333,1465.25,2220.1666666666665,340.875,773.0416666666666,1798.1666666666667,1718.1666666666667,916.8333333333334,659.0,11951.166666666666,1340.75,1571.5833333333333,3319.0416666666665,1081.0833333333333,162.45833333333334,556.0416666666666,1812.75,931.3333333333334,2878.5833333333335,877.0833333333334,325.2083333333333,945.0833333333334,370.2083333333333,311.0416666666667,2195.7916666666665,1925.625,553.625,1962.5833333333333,2386.25,1115.75,1047.4166666666667,1032.5,1297.0416666666667,1276.5416666666667,1116.6666666666667,1179.4166666666667,952.0,721.2916666666666,519.2916666666666,653.0416666666666,535.25,527.1666666666666,453.2916666666667,280.625,344.0416666666667,905.875,442.375,245.0,761.0
2018-02-25,1549.375,1378.4583333333333,1491.5833333333333,902.0,2556.7916666666665,586.2916666666666,3266.1666666666665,1559.6666666666667,879.125,355.2916666666667,4385.541666666667,1290.0833333333333,1746.0833333333333,256.3333333333333,691.625,1418.375,1443.5833333333333,783.5,597.4583333333334,10666.375,962.1666666666666,1450.9166666666667,2654.1666666666665,1003.875,156.0,496.2083333333333,1758.0416666666667,867.5416666666666,2806.9583333333335,797.125,286.9583333333333,918.9166666666666,534.1666666666666,304.9583333333333,1612.7083333333333,1399.4166666666667,447.125,1746.1666666666667,2007.2083333333333,969.1666666666666,903.5,933.0,1218.0416666666667,1098.4583333333333,862.2916666666666,1021.625,762.2916666666666,632.2916666666666,428.5,529.5416666666666,478.4166666666667,469.3333333333333,361.5416666666667,201.41666666666666,275.0833333333333,691.0,372.0,193.91666666666666,616.7083333333334
2018-02-26,2513.0416666666665,1582.125,2411.875,1362.4166666666667,3306.3333333333335,1159.6666666666667,4333.583333333333,1525.125,849.5833333333334,421.7916666666667,6079.958333333333,1382.0416666666667,2215.8333333333335,471.375,1183.75,1932.2083333333333,1924.2083333333333,1193.9166666666667,718.0833333333334,13424.916666666666,1846.9166666666667,1768.6666666666667,3589.2083333333335,1208.0,159.58333333333334,520.125,1904.375,1375.5416666666667,3211.3333333333335,1047.1666666666667,516.8333333333334,960.7083333333334,1467.875,347.6666666666667,2669.0833333333335,2538.0,848.375,2794.8333333333335,3122.7916666666665,1361.4166666666667,1486.0833333333333,1055.6666666666667,1521.4583333333333,1564.5833333333333,1201.0833333333333,1252.125,1708.0,853.1666666666666,655.8333333333334,927.4583333333334,741.0,517.375,470.4583333333333,351.9166666666667,718.9583333333334,972.8333333333334,543.9583333333334,287.3333333333333,1026.5833333333333
2018-02-27,2570.1666666666665,1559.2083333333333,2492.25,1338.8333333333333,3269.9583333333335,1177.7916666666667,4387.291666666667,1478.0416666666667,843.625,427.875,6047.083333333333,1305.125,2232.2916666666665,503.625,1219.0,1988.2916666666667,1924.1666666666667,1275.3333333333333,723.2916666666666,13298.583333333334,1940.0416666666667,1824.25,3539.5416666666665,1228.2083333333333,161.70833333333334,523.375,1896.9166666666667,1429.2083333333333,3194.4166666666665,1041.0,527.125,983.375,1451.9583333333333,358.4583333333333,2847.6666666666665,2531.5,822.8333333333334,2745.0,3220.8333333333335,1427.625,1520.9583333333333,1050.2083333333333,1533.5833333333333,1603.0416666666667,1223.7916666666667,1245.6666666666667,1737.1666666666667,882.0833333333334,674.7083333333334,920.9166666666666,753.875,515.9166666666666,465.9166666666667,344.7083333333333,755.0416666666666,980.7083333333334,536.5,290.25,1067.5416666666667
2018-02-28,2493.4166666666665,1619.5,2513.7916666666665,1344.0416666666667,3275.375,1227.8333333333333,4394.875,1648.6666666666667,868.125,435.375,6075.166666666667,1279.25,2196.125,512.125,1221.125,1978.0416666666667,1898.3333333333333,1275.4583333333333,745.9166666666666,13198.541666666666,1993.8333333333333,1853.6666666666667,3537.5833333333335,1266.2083333333333,161.66666666666666,543.2083333333334,1970.1666666666667,1447.2916666666667,3149.8333333333335,1062.1666666666667,564.25,987.7083333333334,1421.6666666666667,355.5833333333333,2680.0416666666665,2578.875,863.1666666666666,2764.4166666666665,3185.7916666666665,1427.1666666666667,1532.375,1094.3333333333333,1512.9583333333333,1645.25,1224.8333333333333,1242.7916666666667,1818.4166666666667,901.4166666666666,684.0833333333334,918.0,771.9166666666666,515.9583333333334,475.9583333333333,355.5,763.5,995.125,541.5833333333334,295.7083333333333,1101.9166666666667
